{
  "pnl_mean": -1.7084614038467407,
  "pnl_std": 0.7215175628662109,
  "pnl_min": -11.195001602172852,
  "pnl_max": -0.1754337102174759,
  "pnl_median": -1.7335879802703857,
  "pnl_skewness": -0.434370219707489,
  "pnl_kurtosis": 3.0229105949401855,
  "pnl_iqr": 1.1310384273529053,
  "var_05": -2.745643138885498,
  "var_01": -3.2018043994903564,
  "cvar_05": -3.095198631286621,
  "cvar_01": -3.9126455783843994,
  "sharpe_ratio": -2.3678722381591797,
  "sortino_ratio": -0.9212172031402588,
  "calmar_ratio": -6.666775880148634e-05,
  "max_drawdown": -25626.501953125,
  "learned_premium": 2.733452081680298
}